{"0":{"species":"Adelie","island":"Torgersen","culmen_length_mm":39.1,"culmen_depth_mm":18.7,"flipper_length_mm":181.0,"body_mass_g":3750.0,"sex":"MALE"},"1":{"species":"Adelie","island":"Torgersen","culmen_length_mm":39.5,"culmen_depth_mm":17.4,"flipper_length_mm":186.0,"body_mass_g":3800.0,"sex":"FEMALE"},"2":{"species":"Adelie","island":"Torgersen","culmen_length_mm":40.3,"culmen_depth_mm":18.0,"flipper_length_mm":195.0,"body_mass_g":3250.0,"sex":"FEMALE"},"3":{"species":"Adelie","island":"Torgersen","culmen_length_mm":null,"culmen_depth_mm":null,"flipper_length_mm":null,"body_mass_g":null,"sex":null},"4":{"species":"Adelie","island":"Torgersen","culmen_length_mm":36.7,"culmen_depth_mm":19.3,"flipper_length_mm":193.0,"body_mass_g":3450.0,"sex":"FEMALE"},"5":{"species":"Adelie","island":"Torgersen","culmen_length_mm":39.3,"culmen_depth_mm":20.6,"flipper_length_mm":190.0,"body_mass_g":3650.0,"sex":"MALE"},"6":{"species":"Adelie","island":"Torgersen","culmen_length_mm":38.9,"culmen_depth_mm":17.8,"flipper_length_mm":181.0,"body_mass_g":3625.0,"sex":"FEMALE"},"7":{"species":"Adelie","island":"Torgersen","culmen_length_mm":39.2,"culmen_depth_mm":19.6,"flipper_length_mm":195.0,"body_mass_g":4675.0,"sex":"MALE"},"8":{"species":"Adelie","island":"Torgersen","culmen_length_mm":34.1,"culmen_depth_mm":18.1,"flipper_length_mm":193.0,"body_mass_g":3475.0,"sex":null},"9":{"species":"Adelie","island":"Torgersen","culmen_length_mm":42.0,"culmen_depth_mm":20.2,"flipper_length_mm":190.0,"body_mass_g":4250.0,"sex":null},"10":{"species":"Adelie","island":"Torgersen","culmen_length_mm":37.8,"culmen_depth_mm":17.1,"flipper_length_mm":186.0,"body_mass_g":3300.0,"sex":null},"11":{"species":"ADELIE","island":"Torgersen","culmen_length_mm":37.8,"culmen_depth_mm":17.3,"flipper_length_mm":180.0,"body_mass_g":3700.0,"sex":null},"12":{"species":"Adelie","island":"Torgersen","culmen_length_mm":41.1,"culmen_depth_mm":17.6,"flipper_length_mm":182.0,"body_mass_g":3200.0,"sex":"FEMALE"},"13":{"species":"Adelie","island":"Torgersen","culmen_length_mm":38.6,"culmen_depth_mm":21.2,"flipper_length_mm":191.0,"body_mass_g":3800.0,"sex":"MALE"},"14":{"species":"Adelie","island":"Torgersen","culmen_length_mm":34.6,"culmen_depth_mm":21.1,"flipper_length_mm":198.0,"body_mass_g":4400.0,"sex":"MALE"},"15":{"species":"Adelie","island":"Torgersen","culmen_length_mm":36.6,"culmen_depth_mm":17.8,"flipper_length_mm":185.0,"body_mass_g":3700.0,"sex":"FEMALE"},"16":{"species":"Adelie","island":"Torgersen","culmen_length_mm":38.7,"culmen_depth_mm":19.0,"flipper_length_mm":195.0,"body_mass_g":3450.0,"sex":"FEMALE"},"17":{"species":"Adelie","island":"Torgersen","culmen_length_mm":42.5,"culmen_depth_mm":20.7,"flipper_length_mm":197.0,"body_mass_g":4500.0,"sex":"MALE"},"18":{"species":"Adelie","island":"Torgersen","culmen_length_mm":34.4,"culmen_depth_mm":18.4,"flipper_length_mm":184.0,"body_mass_g":3325.0,"sex":"FEMALE"},"19":{"species":"Adelie","island":"Torgersen","culmen_length_mm":46.0,"culmen_depth_mm":21.5,"flipper_length_mm":194.0,"body_mass_g":4200.0,"sex":"MALE"},"20":{"species":"Adelie","island":"Biscoe","culmen_length_mm":37.8,"culmen_depth_mm":18.3,"flipper_length_mm":174.0,"body_mass_g":3400.0,"sex":"FEMALE"},"21":{"species":"Adelie","island":"Biscoe","culmen_length_mm":37.7,"culmen_depth_mm":18.7,"flipper_length_mm":180.0,"body_mass_g":3600.0,"sex":"MALE"},"22":{"species":"Adelie","island":"Biscoe","culmen_length_mm":35.9,"culmen_depth_mm":19.2,"flipper_length_mm":189.0,"body_mass_g":3800.0,"sex":"FEMALE"},"23":{"species":"Adelie","island":"Biscoe","culmen_length_mm":38.2,"culmen_depth_mm":18.1,"flipper_length_mm":185.0,"body_mass_g":3950.0,"sex":"MALE"},"24":{"species":"Adelie","island":"Biscoe","culmen_length_mm":38.8,"culmen_depth_mm":17.2,"flipper_length_mm":180.0,"body_mass_g":3800.0,"sex":"MALE"},"25":{"species":"Adelie","island":"Biscoe","culmen_length_mm":35.3,"culmen_depth_mm":18.9,"flipper_length_mm":187.0,"body_mass_g":3800.0,"sex":"FEMALE"},"26":{"species":"Adelie","island":"Biscoe","culmen_length_mm":40.6,"culmen_depth_mm":18.6,"flipper_length_mm":183.0,"body_mass_g":3550.0,"sex":"MALE"},"27":{"species":"Adelie","island":"Biscoe","culmen_length_mm":40.5,"culmen_depth_mm":17.9,"flipper_length_mm":187.0,"body_mass_g":3200.0,"sex":"FEMALE"},"28":{"species":"Adelie","island":"Biscoe","culmen_length_mm":37.9,"culmen_depth_mm":18.6,"flipper_length_mm":172.0,"body_mass_g":3150.0,"sex":"FEMALE"},"29":{"species":"Adelie","island":"Biscoe","culmen_length_mm":40.5,"culmen_depth_mm":18.9,"flipper_length_mm":180.0,"body_mass_g":3950.0,"sex":"MALE"},"30":{"species":"Adelie","island":"Dream","culmen_length_mm":39.5,"culmen_depth_mm":16.7,"flipper_length_mm":178.0,"body_mass_g":3250.0,"sex":"FEMALE"},"31":{"species":"Adelie","island":"Dream","culmen_length_mm":37.2,"culmen_depth_mm":18.1,"flipper_length_mm":178.0,"body_mass_g":3900.0,"sex":"MALE"},"32":{"species":"Adelie","island":"Dream","culmen_length_mm":39.5,"culmen_depth_mm":17.8,"flipper_length_mm":188.0,"body_mass_g":3300.0,"sex":"FEMALE"},"33":{"species":"Adelie","island":"Dream","culmen_length_mm":40.9,"culmen_depth_mm":18.9,"flipper_length_mm":184.0,"body_mass_g":3900.0,"sex":"MALE"},"34":{"species":"Adelie","island":"Dream","culmen_length_mm":36.4,"culmen_depth_mm":17.0,"flipper_length_mm":195.0,"body_mass_g":3325.0,"sex":"FEMALE"},"35":{"species":"Adelie","island":"Dream","culmen_length_mm":39.2,"culmen_depth_mm":21.1,"flipper_length_mm":196.0,"body_mass_g":4150.0,"sex":"MALE"},"36":{"species":"Adelie","island":"Dream","culmen_length_mm":38.8,"culmen_depth_mm":20.0,"flipper_length_mm":190.0,"body_mass_g":3950.0,"sex":"MALE"},"37":{"species":"Adelie&","island":"Dream","culmen_length_mm":42.2,"culmen_depth_mm":18.5,"flipper_length_mm":180.0,"body_mass_g":3550.0,"sex":"FEMALE"},"38":{"species":"Adelie","island":"Dream","culmen_length_mm":37.6,"culmen_depth_mm":19.3,"flipper_length_mm":181.0,"body_mass_g":3300.0,"sex":"FEMALE"},"39":{"species":"Adelie","island":"Dream","culmen_length_mm":39.8,"culmen_depth_mm":19.1,"flipper_length_mm":184.0,"body_mass_g":4650.0,"sex":"MALE"},"40":{"species":"Adelie","island":"Dream","culmen_length_mm":36.5,"culmen_depth_mm":18.0,"flipper_length_mm":182.0,"body_mass_g":3150.0,"sex":"FEMALE"},"41":{"species":"Adelie","island":"Dream","culmen_length_mm":40.8,"culmen_depth_mm":18.4,"flipper_length_mm":195.0,"body_mass_g":3900.0,"sex":"MALE"},"42":{"species":"Adelie","island":"Dream","culmen_length_mm":36.0,"culmen_depth_mm":18.5,"flipper_length_mm":186.0,"body_mass_g":3100.0,"sex":"FEMALE"},"43":{"species":"Adelie","island":"Dream","culmen_length_mm":44.1,"culmen_depth_mm":19.7,"flipper_length_mm":null,"body_mass_g":4400.0,"sex":"MALE"},"44":{"species":"Adelie","island":"Dream","culmen_length_mm":37.0,"culmen_depth_mm":16.9,"flipper_length_mm":185.0,"body_mass_g":3000.0,"sex":"FEMALE"},"45":{"species":"Adelie","island":"Dream","culmen_length_mm":39.6,"culmen_depth_mm":18.8,"flipper_length_mm":190.0,"body_mass_g":4600.0,"sex":"MALE"},"46":{"species":"Adelie","island":"Dream","culmen_length_mm":41.1,"culmen_depth_mm":19.0,"flipper_length_mm":182.0,"body_mass_g":3425.0,"sex":"MALE"},"47":{"species":"Adelie","island":"Dream","culmen_length_mm":37.5,"culmen_depth_mm":18.9,"flipper_length_mm":179.0,"body_mass_g":2975.0,"sex":null},"48":{"species":"Adelie","island":"Dream","culmen_length_mm":36.0,"culmen_depth_mm":17.9,"flipper_length_mm":190.0,"body_mass_g":3450.0,"sex":"FEMALE"},"49":{"species":"Adelie","island":"Dream","culmen_length_mm":42.3,"culmen_depth_mm":21.2,"flipper_length_mm":191.0,"body_mass_g":4150.0,"sex":"MALE"},"50":{"species":"Adelie","island":"Biscoe","culmen_length_mm":39.6,"culmen_depth_mm":17.7,"flipper_length_mm":186.0,"body_mass_g":3500.0,"sex":"FEMALE"},"51":{"species":"Adelie","island":"Biscoe","culmen_length_mm":40.1,"culmen_depth_mm":18.9,"flipper_length_mm":188.0,"body_mass_g":4300.0,"sex":"MALE"},"52":{"species":"Adelie","island":"Biscoe","culmen_length_mm":35.0,"culmen_depth_mm":17.9,"flipper_length_mm":190.0,"body_mass_g":3450.0,"sex":"FEMALE"},"53":{"species":"Adelie","island":"Biscoe","culmen_length_mm":42.0,"culmen_depth_mm":19.5,"flipper_length_mm":200.0,"body_mass_g":4050.0,"sex":"MALE"},"54":{"species":"Adelie","island":"Biscoe","culmen_length_mm":34.5,"culmen_depth_mm":18.1,"flipper_length_mm":187.0,"body_mass_g":2900.0,"sex":"FEMALE"},"55":{"species":"Adelie","island":"Biscoe","culmen_length_mm":41.4,"culmen_depth_mm":18.6,"flipper_length_mm":191.0,"body_mass_g":3700.0,"sex":"MALE"},"56":{"species":"Adelie","island":"Biscoe","culmen_length_mm":39.0,"culmen_depth_mm":17.5,"flipper_length_mm":186.0,"body_mass_g":3550.0,"sex":"FEMALE"},"57":{"species":"Adelie","island":"Biscoe","culmen_length_mm":40.6,"culmen_depth_mm":18.8,"flipper_length_mm":193.0,"body_mass_g":3800.0,"sex":"MALE"},"58":{"species":"Adelie","island":"Biscoe","culmen_length_mm":36.5,"culmen_depth_mm":16.6,"flipper_length_mm":181.0,"body_mass_g":2850.0,"sex":"FEMALE"},"59":{"species":"Adelie","island":"Biscoe","culmen_length_mm":37.6,"culmen_depth_mm":19.1,"flipper_length_mm":194.0,"body_mass_g":3750.0,"sex":"MALE"},"60":{"species":"Adelie","island":"Biscoe","culmen_length_mm":35.7,"culmen_depth_mm":16.9,"flipper_length_mm":185.0,"body_mass_g":3150.0,"sex":"FEMALE"},"61":{"species":"Adelie","island":"Biscoe","culmen_length_mm":41.3,"culmen_depth_mm":21.1,"flipper_length_mm":195.0,"body_mass_g":4400.0,"sex":"MALE"},"62":{"species":"Adelie","island":"Biscoe","culmen_length_mm":37.6,"culmen_depth_mm":17.0,"flipper_length_mm":185.0,"body_mass_g":3600.0,"sex":"FEMALE"},"63":{"species":"Adelie","island":"Biscoe","culmen_length_mm":41.1,"culmen_depth_mm":18.2,"flipper_length_mm":192.0,"body_mass_g":4050.0,"sex":"MALE"},"64":{"species":"Adelie","island":"Biscoe","culmen_length_mm":36.4,"culmen_depth_mm":17.1,"flipper_length_mm":184.0,"body_mass_g":2850.0,"sex":"FEMALE"},"65":{"species":"Adelie","island":"Biscoe","culmen_length_mm":41.6,"culmen_depth_mm":18.0,"flipper_length_mm":192.0,"body_mass_g":3950.0,"sex":"MALE"},"66":{"species":"Adelie","island":"Biscoe","culmen_length_mm":35.5,"culmen_depth_mm":16.2,"flipper_length_mm":195.0,"body_mass_g":3350.0,"sex":"FEMALE"},"67":{"species":"Adelie","island":"Biscoe","culmen_length_mm":41.1,"culmen_depth_mm":19.1,"flipper_length_mm":188.0,"body_mass_g":4100.0,"sex":"MALE"},"68":{"species":"Adelie","island":"Torgersen","culmen_length_mm":35.9,"culmen_depth_mm":16.6,"flipper_length_mm":190.0,"body_mass_g":3050.0,"sex":"FEMALE"},"69":{"species":"Adelie","island":"Torgersen","culmen_length_mm":41.8,"culmen_depth_mm":19.4,"flipper_length_mm":198.0,"body_mass_g":4450.0,"sex":"MALE"},"70":{"species":"Adelie","island":"Torgersen","culmen_length_mm":33.5,"culmen_depth_mm":19.0,"flipper_length_mm":190.0,"body_mass_g":3600.0,"sex":"FEMALE"},"71":{"species":"Adelie","island":"Torgersen","culmen_length_mm":39.7,"culmen_depth_mm":18.4,"flipper_length_mm":190.0,"body_mass_g":3900.0,"sex":"MALE"},"72":{"species":"Adelie","island":"Torgersen","culmen_length_mm":39.6,"culmen_depth_mm":17.2,"flipper_length_mm":196.0,"body_mass_g":3550.0,"sex":"FEMALE"},"73":{"species":"Adelie","island":"Torgersen","culmen_length_mm":45.8,"culmen_depth_mm":18.9,"flipper_length_mm":197.0,"body_mass_g":4150.0,"sex":"MALE"},"74":{"species":"Adelie","island":"Torgersen","culmen_length_mm":35.5,"culmen_depth_mm":17.5,"flipper_length_mm":190.0,"body_mass_g":3700.0,"sex":"FEMALE"},"75":{"species":"Adelie","island":"Torgersen","culmen_length_mm":42.8,"culmen_depth_mm":18.5,"flipper_length_mm":195.0,"body_mass_g":4250.0,"sex":"MALE"},"76":{"species":"Adelie","island":"Torgersen","culmen_length_mm":40.9,"culmen_depth_mm":16.8,"flipper_length_mm":191.0,"body_mass_g":3700.0,"sex":"FEMALE"},"77":{"species":"Adelie","island":"Torgersen","culmen_length_mm":37.2,"culmen_depth_mm":19.4,"flipper_length_mm":184.0,"body_mass_g":3900.0,"sex":"MALE"},"78":{"species":"Adelie","island":"Torgersen","culmen_length_mm":36.2,"culmen_depth_mm":16.1,"flipper_length_mm":187.0,"body_mass_g":3550.0,"sex":"FEMALE"},"79":{"species":"Adelie","island":"Torgersen","culmen_length_mm":42.1,"culmen_depth_mm":19.1,"flipper_length_mm":195.0,"body_mass_g":4000.0,"sex":"MALE"},"80":{"species":"Adelie","island":"Torgersen","culmen_length_mm":34.6,"culmen_depth_mm":17.2,"flipper_length_mm":189.0,"body_mass_g":3200.0,"sex":"FEMALE"},"81":{"species":"Adelie","island":"Torgersen","culmen_length_mm":42.9,"culmen_depth_mm":17.6,"flipper_length_mm":196.0,"body_mass_g":4700.0,"sex":"MALE"},"82":{"species":"Adelie","island":"Torgersen","culmen_length_mm":36.7,"culmen_depth_mm":18.8,"flipper_length_mm":187.0,"body_mass_g":3800.0,"sex":"FEMALE"},"83":{"species":"Adelie","island":"Torgersen","culmen_length_mm":35.1,"culmen_depth_mm":19.4,"flipper_length_mm":193.0,"body_mass_g":4200.0,"sex":"MALE"},"84":{"species":"Adelie","island":"Dream","culmen_length_mm":37.3,"culmen_depth_mm":17.8,"flipper_length_mm":191.0,"body_mass_g":3350.0,"sex":"FEMALE"},"85":{"species":"Adelie","island":"Dream","culmen_length_mm":41.3,"culmen_depth_mm":20.3,"flipper_length_mm":194.0,"body_mass_g":3550.0,"sex":"MALE"},"86":{"species":"Adelie","island":"Dream","culmen_length_mm":36.3,"culmen_depth_mm":19.5,"flipper_length_mm":190.0,"body_mass_g":3800.0,"sex":"MALE"},"87":{"species":"Adelie","island":"Dream","culmen_length_mm":36.9,"culmen_depth_mm":18.6,"flipper_length_mm":189.0,"body_mass_g":3500.0,"sex":"FEMALE"},"88":{"species":"Adelie","island":"Dream","culmen_length_mm":38.3,"culmen_depth_mm":19.2,"flipper_length_mm":189.0,"body_mass_g":3950.0,"sex":"MALE"},"89":{"species":"Adelie","island":"Dream","culmen_length_mm":38.9,"culmen_depth_mm":18.8,"flipper_length_mm":190.0,"body_mass_g":3600.0,"sex":"FEMALE"},"90":{"species":"Adelie","island":"Dream","culmen_length_mm":35.7,"culmen_depth_mm":18.0,"flipper_length_mm":202.0,"body_mass_g":3550.0,"sex":"FEMALE"},"91":{"species":"Adelie","island":"Dream","culmen_length_mm":41.1,"culmen_depth_mm":18.1,"flipper_length_mm":205.0,"body_mass_g":4300.0,"sex":"MALE"},"92":{"species":"Adelie","island":"Dream","culmen_length_mm":34.0,"culmen_depth_mm":17.1,"flipper_length_mm":185.0,"body_mass_g":3400.0,"sex":"FEMALE"},"93":{"species":"Adelie","island":"Dream","culmen_length_mm":39.6,"culmen_depth_mm":18.1,"flipper_length_mm":186.0,"body_mass_g":4450.0,"sex":"MALE"},"94":{"species":"Adelie","island":"Dream","culmen_length_mm":36.2,"culmen_depth_mm":17.3,"flipper_length_mm":187.0,"body_mass_g":3300.0,"sex":"FEMALE"},"95":{"species":"Adelie","island":"Dream","culmen_length_mm":40.8,"culmen_depth_mm":18.9,"flipper_length_mm":208.0,"body_mass_g":4300.0,"sex":"MALE"},"96":{"species":"Adelie","island":"Dream","culmen_length_mm":38.1,"culmen_depth_mm":18.6,"flipper_length_mm":190.0,"body_mass_g":3700.0,"sex":"FEMALE"},"97":{"species":"Adelie","island":"Dream","culmen_length_mm":40.3,"culmen_depth_mm":18.5,"flipper_length_mm":196.0,"body_mass_g":4350.0,"sex":"MALE"},"98":{"species":"Adelie","island":"Dream","culmen_length_mm":33.1,"culmen_depth_mm":16.1,"flipper_length_mm":178.0,"body_mass_g":2900.0,"sex":"FEMALE"},"99":{"species":"Adelie","island":"Dream","culmen_length_mm":43.2,"culmen_depth_mm":18.5,"flipper_length_mm":192.0,"body_mass_g":4100.0,"sex":"MALE"},"100":{"species":"Adelie","island":"Biscoe","culmen_length_mm":35.0,"culmen_depth_mm":17.9,"flipper_length_mm":192.0,"body_mass_g":3725.0,"sex":"FEMALE"},"101":{"species":"Adelie","island":"Biscoe","culmen_length_mm":41.0,"culmen_depth_mm":20.0,"flipper_length_mm":203.0,"body_mass_g":4725.0,"sex":"MALE"},"102":{"species":"Adelie","island":"Biscoe","culmen_length_mm":37.7,"culmen_depth_mm":16.0,"flipper_length_mm":183.0,"body_mass_g":3075.0,"sex":"FEMALE"},"103":{"species":"Adelie","island":"Biscoe","culmen_length_mm":37.8,"culmen_depth_mm":20.0,"flipper_length_mm":190.0,"body_mass_g":4250.0,"sex":"MALE"},"104":{"species":"Adelie","island":"Biscoe","culmen_length_mm":37.9,"culmen_depth_mm":18.6,"flipper_length_mm":193.0,"body_mass_g":2925.0,"sex":"FEMALE"},"105":{"species":"Adelie","island":"Biscoe","culmen_length_mm":39.7,"culmen_depth_mm":18.9,"flipper_length_mm":184.0,"body_mass_g":3550.0,"sex":"MALE"},"106":{"species":"Adelie","island":"Biscoe","culmen_length_mm":38.6,"culmen_depth_mm":17.2,"flipper_length_mm":199.0,"body_mass_g":3750.0,"sex":"FEMALE"},"107":{"species":"Adelie","island":"Biscoe","culmen_length_mm":38.2,"culmen_depth_mm":20.0,"flipper_length_mm":190.0,"body_mass_g":3900.0,"sex":"MALE"},"108":{"species":"Adelie","island":"Biscoe","culmen_length_mm":38.1,"culmen_depth_mm":17.0,"flipper_length_mm":181.0,"body_mass_g":3175.0,"sex":"FEMALE"},"109":{"species":"Adelie","island":"Biscoe","culmen_length_mm":43.2,"culmen_depth_mm":19.0,"flipper_length_mm":197.0,"body_mass_g":4775.0,"sex":"MALE"},"110":{"species":"Adelie","island":"Biscoe","culmen_length_mm":38.1,"culmen_depth_mm":16.5,"flipper_length_mm":198.0,"body_mass_g":3825.0,"sex":"FEMALE"},"111":{"species":"Adelie","island":"Biscoe","culmen_length_mm":45.6,"culmen_depth_mm":20.3,"flipper_length_mm":191.0,"body_mass_g":4600.0,"sex":"MALE"},"112":{"species":"Adelie","island":"Biscoe","culmen_length_mm":39.7,"culmen_depth_mm":17.7,"flipper_length_mm":193.0,"body_mass_g":3200.0,"sex":"FEMALE"},"113":{"species":"Adelie","island":"Biscoe","culmen_length_mm":42.2,"culmen_depth_mm":19.5,"flipper_length_mm":197.0,"body_mass_g":4275.0,"sex":"MALE"},"114":{"species":"Adelie","island":"Biscoe","culmen_length_mm":39.6,"culmen_depth_mm":20.7,"flipper_length_mm":191.0,"body_mass_g":3900.0,"sex":"FEMALE"},"115":{"species":"Adelie","island":"Biscoe","culmen_length_mm":42.7,"culmen_depth_mm":18.3,"flipper_length_mm":196.0,"body_mass_g":4075.0,"sex":"MALE"},"116":{"species":"Adelie","island":"Torgersen","culmen_length_mm":38.6,"culmen_depth_mm":17.0,"flipper_length_mm":188.0,"body_mass_g":2900.0,"sex":"FEMALE"},"117":{"species":"Adelie","island":"Torgersen","culmen_length_mm":37.3,"culmen_depth_mm":20.5,"flipper_length_mm":199.0,"body_mass_g":3775.0,"sex":"MALE"},"118":{"species":"Adelie","island":"Torgersen","culmen_length_mm":35.7,"culmen_depth_mm":17.0,"flipper_length_mm":189.0,"body_mass_g":3350.0,"sex":"FEMALE"},"119":{"species":"Adelie","island":"Torgersen","culmen_length_mm":41.1,"culmen_depth_mm":18.6,"flipper_length_mm":189.0,"body_mass_g":3325.0,"sex":"MALE"},"120":{"species":"Adelie","island":"Torgersen","culmen_length_mm":36.2,"culmen_depth_mm":17.2,"flipper_length_mm":187.0,"body_mass_g":3150.0,"sex":"FEMALE"},"121":{"species":"Adelie","island":"Torgersen","culmen_length_mm":37.7,"culmen_depth_mm":19.8,"flipper_length_mm":198.0,"body_mass_g":3500.0,"sex":"MALE"},"122":{"species":"Adelie","island":"Torgersen","culmen_length_mm":40.2,"culmen_depth_mm":17.0,"flipper_length_mm":176.0,"body_mass_g":3450.0,"sex":"FEMALE"},"123":{"species":"Adelie","island":"Torgersen","culmen_length_mm":41.4,"culmen_depth_mm":18.5,"flipper_length_mm":202.0,"body_mass_g":3875.0,"sex":"MALE"},"124":{"species":"Adelie","island":"Torgersen","culmen_length_mm":35.2,"culmen_depth_mm":15.9,"flipper_length_mm":186.0,"body_mass_g":3050.0,"sex":"FEMALE"},"125":{"species":"Adelie","island":"Torgersen","culmen_length_mm":40.6,"culmen_depth_mm":19.0,"flipper_length_mm":199.0,"body_mass_g":4000.0,"sex":"MALE"},"126":{"species":"Adelie","island":"Torgersen","culmen_length_mm":38.8,"culmen_depth_mm":17.6,"flipper_length_mm":191.0,"body_mass_g":3275.0,"sex":"FEMALE"},"127":{"species":"Adelie","island":"Torgersen","culmen_length_mm":41.5,"culmen_depth_mm":18.3,"flipper_length_mm":195.0,"body_mass_g":4300.0,"sex":"MALE"},"128":{"species":"Adelie","island":"Torgersen","culmen_length_mm":39.0,"culmen_depth_mm":17.1,"flipper_length_mm":191.0,"body_mass_g":3050.0,"sex":"FEMALE"},"129":{"species":"Adelie","island":"Torgersen","culmen_length_mm":44.1,"culmen_depth_mm":18.0,"flipper_length_mm":210.0,"body_mass_g":4000.0,"sex":"MALE"},"130":{"species":"Adelie","island":"Torgersen","culmen_length_mm":38.5,"culmen_depth_mm":17.9,"flipper_length_mm":190.0,"body_mass_g":3325.0,"sex":"FEMALE"},"131":{"species":"Adelie","island":"Torgersen","culmen_length_mm":43.1,"culmen_depth_mm":19.2,"flipper_length_mm":197.0,"body_mass_g":3500.0,"sex":"MALE"},"132":{"species":"Adelie","island":"Dream","culmen_length_mm":36.8,"culmen_depth_mm":18.5,"flipper_length_mm":193.0,"body_mass_g":3500.0,"sex":"FEMALE"},"133":{"species":"Adelie","island":"Dream","culmen_length_mm":37.5,"culmen_depth_mm":18.5,"flipper_length_mm":199.0,"body_mass_g":4475.0,"sex":"MALE"},"134":{"species":"Adelie","island":"Dream","culmen_length_mm":38.1,"culmen_depth_mm":17.6,"flipper_length_mm":187.0,"body_mass_g":3425.0,"sex":"FEMALE"},"135":{"species":"Adelie","island":"Dream","culmen_length_mm":41.1,"culmen_depth_mm":17.5,"flipper_length_mm":190.0,"body_mass_g":3900.0,"sex":"MALE"},"136":{"species":"Adelie","island":"Dream","culmen_length_mm":35.6,"culmen_depth_mm":17.5,"flipper_length_mm":191.0,"body_mass_g":3175.0,"sex":"FEMALE"},"137":{"species":"Adelie","island":"Dream","culmen_length_mm":40.2,"culmen_depth_mm":20.1,"flipper_length_mm":200.0,"body_mass_g":3975.0,"sex":"MALE"},"138":{"species":"Adelie","island":"Dream","culmen_length_mm":37.0,"culmen_depth_mm":16.5,"flipper_length_mm":185.0,"body_mass_g":3400.0,"sex":"FEMALE"},"139":{"species":"Adelie","island":"Dream","culmen_length_mm":39.7,"culmen_depth_mm":17.9,"flipper_length_mm":193.0,"body_mass_g":4250.0,"sex":"MALE"},"140":{"species":"Adelie","island":"Dream","culmen_length_mm":40.2,"culmen_depth_mm":17.1,"flipper_length_mm":193.0,"body_mass_g":3400.0,"sex":"FEMALE"},"141":{"species":"Adelie","island":"Dream","culmen_length_mm":40.6,"culmen_depth_mm":17.2,"flipper_length_mm":187.0,"body_mass_g":3475.0,"sex":"MALE"},"142":{"species":"Adelie","island":"Dream","culmen_length_mm":32.1,"culmen_depth_mm":15.5,"flipper_length_mm":188.0,"body_mass_g":3050.0,"sex":"FEMALE"},"143":{"species":"Adelie","island":"Dream","culmen_length_mm":40.7,"culmen_depth_mm":17.0,"flipper_length_mm":190.0,"body_mass_g":3725.0,"sex":"MALE"},"144":{"species":"Adelie","island":"Dream","culmen_length_mm":37.3,"culmen_depth_mm":16.8,"flipper_length_mm":192.0,"body_mass_g":3000.0,"sex":"FEMALE"},"145":{"species":"Adelie","island":"Dream","culmen_length_mm":39.0,"culmen_depth_mm":18.7,"flipper_length_mm":185.0,"body_mass_g":3650.0,"sex":"MALE"},"146":{"species":"Adelie","island":"Dream","culmen_length_mm":39.2,"culmen_depth_mm":18.6,"flipper_length_mm":190.0,"body_mass_g":4250.0,"sex":"MALE"},"147":{"species":"Adelie","island":"Dream","culmen_length_mm":36.6,"culmen_depth_mm":18.4,"flipper_length_mm":184.0,"body_mass_g":3475.0,"sex":"FEMALE"},"148":{"species":"Adelie","island":"Dream","culmen_length_mm":36.0,"culmen_depth_mm":17.8,"flipper_length_mm":195.0,"body_mass_g":3450.0,"sex":"FEMALE"},"149":{"species":"Adelie","island":"Dream","culmen_length_mm":37.8,"culmen_depth_mm":18.1,"flipper_length_mm":193.0,"body_mass_g":3750.0,"sex":"MALE"},"150":{"species":"Adelie","island":"Dream","culmen_length_mm":36.0,"culmen_depth_mm":17.1,"flipper_length_mm":187.0,"body_mass_g":3700.0,"sex":"FEMALE"},"151":{"species":"Adelie","island":"Dream","culmen_length_mm":41.5,"culmen_depth_mm":18.5,"flipper_length_mm":201.0,"body_mass_g":4000.0,"sex":"MALE"},"152":{"species":"Chinstrap","island":"Dream","culmen_length_mm":46.5,"culmen_depth_mm":17.9,"flipper_length_mm":192.0,"body_mass_g":3500.0,"sex":"FEMALE"},"153":{"species":"Chinstrap","island":"Dream","culmen_length_mm":50.0,"culmen_depth_mm":19.5,"flipper_length_mm":196.0,"body_mass_g":3900.0,"sex":"MALE"},"154":{"species":"Chinstrap","island":"Dream","culmen_length_mm":51.3,"culmen_depth_mm":19.2,"flipper_length_mm":193.0,"body_mass_g":3650.0,"sex":"MALE"},"155":{"species":"Chinstrap","island":"Dream","culmen_length_mm":45.4,"culmen_depth_mm":18.7,"flipper_length_mm":188.0,"body_mass_g":3525.0,"sex":"FEMALE"},"156":{"species":"Chinstrap","island":"Dream","culmen_length_mm":52.7,"culmen_depth_mm":19.8,"flipper_length_mm":197.0,"body_mass_g":3725.0,"sex":"MALE"},"157":{"species":"Chinstrap","island":"Dream","culmen_length_mm":45.2,"culmen_depth_mm":17.8,"flipper_length_mm":198.0,"body_mass_g":3950.0,"sex":"FEMALE"},"158":{"species":"Chinstrap","island":"Dream","culmen_length_mm":46.1,"culmen_depth_mm":18.2,"flipper_length_mm":178.0,"body_mass_g":3250.0,"sex":"FEMALE"},"159":{"species":"Chinstrap","island":"Dream","culmen_length_mm":51.3,"culmen_depth_mm":18.2,"flipper_length_mm":197.0,"body_mass_g":3750.0,"sex":"MALE"},"160":{"species":"Chinstrap","island":"Dream","culmen_length_mm":46.0,"culmen_depth_mm":18.9,"flipper_length_mm":195.0,"body_mass_g":4150.0,"sex":"FEMALE"},"161":{"species":"Chinstrap","island":"Dream","culmen_length_mm":51.3,"culmen_depth_mm":19.9,"flipper_length_mm":198.0,"body_mass_g":3700.0,"sex":"MALE"},"162":{"species":"Chinstrap","island":"Dream","culmen_length_mm":46.6,"culmen_depth_mm":17.8,"flipper_length_mm":193.0,"body_mass_g":3800.0,"sex":"FEMALE"},"163":{"species":"Chinstrap","island":"Dream","culmen_length_mm":51.7,"culmen_depth_mm":20.3,"flipper_length_mm":194.0,"body_mass_g":3775.0,"sex":"MALE"},"164":{"species":"Chinstrap","island":"Dream","culmen_length_mm":47.0,"culmen_depth_mm":17.3,"flipper_length_mm":185.0,"body_mass_g":3700.0,"sex":"FEMALE"},"165":{"species":"Chinstrap","island":"Dream","culmen_length_mm":52.0,"culmen_depth_mm":18.1,"flipper_length_mm":201.0,"body_mass_g":4050.0,"sex":"MALE"},"166":{"species":"Chinstrap","island":"Dream","culmen_length_mm":45.9,"culmen_depth_mm":17.1,"flipper_length_mm":190.0,"body_mass_g":3575.0,"sex":"FEMALE"},"167":{"species":"Chinstrap","island":"Dream","culmen_length_mm":50.5,"culmen_depth_mm":19.6,"flipper_length_mm":201.0,"body_mass_g":4050.0,"sex":"MALE"},"168":{"species":"Chinstrap","island":"Dream","culmen_length_mm":50.3,"culmen_depth_mm":20.0,"flipper_length_mm":197.0,"body_mass_g":3300.0,"sex":"MALE"},"169":{"species":"Chinstrap","island":"Dream","culmen_length_mm":58.0,"culmen_depth_mm":17.8,"flipper_length_mm":181.0,"body_mass_g":3700.0,"sex":"FEMALE"},"170":{"species":"Chinstrap","island":"Dream","culmen_length_mm":46.4,"culmen_depth_mm":18.6,"flipper_length_mm":190.0,"body_mass_g":3450.0,"sex":"FEMALE"},"171":{"species":"Chinstrap","island":"Dream","culmen_length_mm":49.2,"culmen_depth_mm":18.2,"flipper_length_mm":195.0,"body_mass_g":4400.0,"sex":"MALE"},"172":{"species":"Chinstrap","island":"Dream","culmen_length_mm":42.4,"culmen_depth_mm":17.3,"flipper_length_mm":181.0,"body_mass_g":3600.0,"sex":"FEMALE"},"173":{"species":"Chinstrap","island":"Dream","culmen_length_mm":48.5,"culmen_depth_mm":17.5,"flipper_length_mm":191.0,"body_mass_g":3400.0,"sex":"MALE"},"174":{"species":"Chinstrap","island":"Dream","culmen_length_mm":43.2,"culmen_depth_mm":16.6,"flipper_length_mm":187.0,"body_mass_g":2900.0,"sex":"FEMALE"},"175":{"species":"Chinstrap","island":"Dream","culmen_length_mm":50.6,"culmen_depth_mm":19.4,"flipper_length_mm":193.0,"body_mass_g":3800.0,"sex":"MALE"},"176":{"species":"Chinstrap","island":"Dream","culmen_length_mm":46.7,"culmen_depth_mm":17.9,"flipper_length_mm":195.0,"body_mass_g":3300.0,"sex":"FEMALE"},"177":{"species":"Chinstrap","island":"Dream","culmen_length_mm":52.0,"culmen_depth_mm":19.0,"flipper_length_mm":197.0,"body_mass_g":4150.0,"sex":"MALE"},"178":{"species":"Chinstrap","island":"Dream","culmen_length_mm":50.5,"culmen_depth_mm":18.4,"flipper_length_mm":200.0,"body_mass_g":3400.0,"sex":"FEMALE"},"179":{"species":"Chinstrap","island":"Dream","culmen_length_mm":49.5,"culmen_depth_mm":19.0,"flipper_length_mm":200.0,"body_mass_g":3800.0,"sex":"MALE"},"180":{"species":"Chinstrap","island":"Dream","culmen_length_mm":46.4,"culmen_depth_mm":17.8,"flipper_length_mm":191.0,"body_mass_g":3700.0,"sex":"FEMALE"},"181":{"species":"Chinstrap","island":"Dream","culmen_length_mm":52.8,"culmen_depth_mm":20.0,"flipper_length_mm":205.0,"body_mass_g":4550.0,"sex":"MALE"},"182":{"species":"Chinstrap","island":"Dream","culmen_length_mm":40.9,"culmen_depth_mm":16.6,"flipper_length_mm":187.0,"body_mass_g":3200.0,"sex":"FEMALE"},"183":{"species":"Chinstrap","island":"Dream","culmen_length_mm":54.2,"culmen_depth_mm":20.8,"flipper_length_mm":201.0,"body_mass_g":4300.0,"sex":"MALE"},"184":{"species":"Chinstrap","island":"Dream","culmen_length_mm":42.5,"culmen_depth_mm":16.7,"flipper_length_mm":187.0,"body_mass_g":3350.0,"sex":"FEMALE"},"185":{"species":"Chinstrap","island":"Dream","culmen_length_mm":51.0,"culmen_depth_mm":18.8,"flipper_length_mm":203.0,"body_mass_g":4100.0,"sex":"MALE"},"186":{"species":"Chinstrap","island":"Dream","culmen_length_mm":49.7,"culmen_depth_mm":18.6,"flipper_length_mm":195.0,"body_mass_g":3600.0,"sex":"MALE"},"187":{"species":"Chinstrap","island":"Dream","culmen_length_mm":47.5,"culmen_depth_mm":16.8,"flipper_length_mm":199.0,"body_mass_g":3900.0,"sex":"FEMALE"},"188":{"species":"Chinstrap","island":"Dream","culmen_length_mm":47.6,"culmen_depth_mm":18.3,"flipper_length_mm":195.0,"body_mass_g":3850.0,"sex":"FEMALE"},"189":{"species":"Chinstrap","island":"Dream","culmen_length_mm":52.0,"culmen_depth_mm":20.7,"flipper_length_mm":210.0,"body_mass_g":4800.0,"sex":"MALE"},"190":{"species":"Chinstrap","island":"Dream","culmen_length_mm":46.9,"culmen_depth_mm":16.6,"flipper_length_mm":192.0,"body_mass_g":2700.0,"sex":"FEMALE"},"191":{"species":"Chinstrap","island":"Dream","culmen_length_mm":53.5,"culmen_depth_mm":19.9,"flipper_length_mm":205.0,"body_mass_g":4500.0,"sex":"MALE"},"192":{"species":"Chinstrap","island":"Dream","culmen_length_mm":49.0,"culmen_depth_mm":19.5,"flipper_length_mm":210.0,"body_mass_g":3950.0,"sex":"MALE"},"193":{"species":"Chinstrap","island":"Dream","culmen_length_mm":46.2,"culmen_depth_mm":17.5,"flipper_length_mm":187.0,"body_mass_g":3650.0,"sex":"FEMALE"},"194":{"species":"Chinstrap","island":"Dream","culmen_length_mm":599990.9,"culmen_depth_mm":19.1,"flipper_length_mm":196.0,"body_mass_g":3550.0,"sex":"MALE"},"195":{"species":"Chinstrap","island":"Dream","culmen_length_mm":45.5,"culmen_depth_mm":17.0,"flipper_length_mm":196.0,"body_mass_g":3500.0,"sex":"FEMALE"},"196":{"species":"Chinstrap","island":"Dream","culmen_length_mm":50.9,"culmen_depth_mm":17.9,"flipper_length_mm":196.0,"body_mass_g":3675.0,"sex":"FEMALE"},"197":{"species":"Chinstrap","island":"Dream","culmen_length_mm":50.8,"culmen_depth_mm":18.5,"flipper_length_mm":201.0,"body_mass_g":4450.0,"sex":"MALE"},"198":{"species":"Chinstrap","island":"Dream","culmen_length_mm":50.1,"culmen_depth_mm":17.9,"flipper_length_mm":190.0,"body_mass_g":3400.0,"sex":"FEMALE"},"199":{"species":"Chinstrap","island":"Dream","culmen_length_mm":49.0,"culmen_depth_mm":19.6,"flipper_length_mm":212.0,"body_mass_g":4300.0,"sex":"MALE"},"200":{"species":"Chinstrap","island":"Dream","culmen_length_mm":51.5,"culmen_depth_mm":18.7,"flipper_length_mm":187.0,"body_mass_g":3250.0,"sex":"MALE"},"201":{"species":"Chinstrap","island":"Dream","culmen_length_mm":49.8,"culmen_depth_mm":17.3,"flipper_length_mm":198.0,"body_mass_g":3675.0,"sex":"FEMALE"},"202":{"species":"Chinstrap","island":"Dream","culmen_length_mm":48.1,"culmen_depth_mm":16.4,"flipper_length_mm":199.0,"body_mass_g":3325.0,"sex":"FEMALE"},"203":{"species":"Chinstrap","island":"Dream","culmen_length_mm":51.4,"culmen_depth_mm":19.0,"flipper_length_mm":201.0,"body_mass_g":3950.0,"sex":"MALE"},"204":{"species":"Chinstrap","island":"Dream","culmen_length_mm":45.7,"culmen_depth_mm":17.3,"flipper_length_mm":193.0,"body_mass_g":3600.0,"sex":"FEMALE"},"205":{"species":"Chinstrap","island":"Dream","culmen_length_mm":50.7,"culmen_depth_mm":19.7,"flipper_length_mm":203.0,"body_mass_g":4050.0,"sex":"MALE"},"206":{"species":"Chinstrap","island":"Dream","culmen_length_mm":42.5,"culmen_depth_mm":17.3,"flipper_length_mm":187.0,"body_mass_g":3350.0,"sex":"FEMALE"},"207":{"species":"Chinstrap","island":"Dream","culmen_length_mm":52.2,"culmen_depth_mm":18.8,"flipper_length_mm":197.0,"body_mass_g":3450.0,"sex":"MALE"},"208":{"species":"Chinstrap","island":"Dream","culmen_length_mm":45.2,"culmen_depth_mm":16.6,"flipper_length_mm":191.0,"body_mass_g":3250.0,"sex":"FEMALE"},"209":{"species":"Chinstrap","island":"Dream","culmen_length_mm":49.3,"culmen_depth_mm":19.9,"flipper_length_mm":203.0,"body_mass_g":4050.0,"sex":"MALE"},"210":{"species":"Chinstrap","island":"Dream","culmen_length_mm":50.2,"culmen_depth_mm":18.8,"flipper_length_mm":202.0,"body_mass_g":3800.0,"sex":"MALE"},"211":{"species":"Chinstrap","island":"Dream","culmen_length_mm":45.6,"culmen_depth_mm":19.4,"flipper_length_mm":194.0,"body_mass_g":3525.0,"sex":"FEMALE"},"212":{"species":"Chinstrap","island":"Dream","culmen_length_mm":51.9,"culmen_depth_mm":19.5,"flipper_length_mm":206.0,"body_mass_g":3950.0,"sex":"MALE"},"213":{"species":"Chinstrap","island":"Dream","culmen_length_mm":46.8,"culmen_depth_mm":16.5,"flipper_length_mm":189.0,"body_mass_g":3650.0,"sex":"FEMALE"},"214":{"species":"Chinstrap","island":"Dream","culmen_length_mm":45.7,"culmen_depth_mm":17.0,"flipper_length_mm":195.0,"body_mass_g":3650.0,"sex":"FEMALE"},"215":{"species":"Chinstrap","island":"Dream","culmen_length_mm":55.8,"culmen_depth_mm":19.8,"flipper_length_mm":207.0,"body_mass_g":4000.0,"sex":"MALE"},"216":{"species":"Chinstrap","island":"Dream","culmen_length_mm":43.5,"culmen_depth_mm":18.1,"flipper_length_mm":202.0,"body_mass_g":3400.0,"sex":"FEMALE"},"217":{"species":"Chinstrap","island":"Dream","culmen_length_mm":49.6,"culmen_depth_mm":18.2,"flipper_length_mm":193.0,"body_mass_g":3775.0,"sex":"MALE"},"218":{"species":"Chinstrap","island":"Dream","culmen_length_mm":50.8,"culmen_depth_mm":19.0,"flipper_length_mm":210.0,"body_mass_g":4100.0,"sex":"MALE"},"219":{"species":"Chinstrap","island":"Dream","culmen_length_mm":50.2,"culmen_depth_mm":18.7,"flipper_length_mm":198.0,"body_mass_g":3775.0,"sex":"FEMALE"},"220":{"species":"Gentoo","island":"Biscoe","culmen_length_mm":46.1,"culmen_depth_mm":13.2,"flipper_length_mm":211.0,"body_mass_g":4500.0,"sex":"FEMALE"},"221":{"species":"Gentoo","island":"Biscoe","culmen_length_mm":50.0,"culmen_depth_mm":16.3,"flipper_length_mm":230.0,"body_mass_g":5700.0,"sex":"MALE"},"222":{"species":"Gentoo","island":"Biscoe","culmen_length_mm":48.7,"culmen_depth_mm":14.1,"flipper_length_mm":210.0,"body_mass_g":4450.0,"sex":"FEMALE"},"223":{"species":"Gentoo","island":"Biscoe","culmen_length_mm":50.0,"culmen_depth_mm":15.2,"flipper_length_mm":218.0,"body_mass_g":5700.0,"sex":"MALE"},"224":{"species":"Gentoo","island":"Biscoe","culmen_length_mm":47.6,"culmen_depth_mm":14.5,"flipper_length_mm":215.0,"body_mass_g":5400.0,"sex":"MALE"},"225":{"species":"Gentoo","island":"Biscoe","culmen_length_mm":46.5,"culmen_depth_mm":13.5,"flipper_length_mm":210.0,"body_mass_g":4550.0,"sex":"FEMALE"},"226":{"species":"Gentoo","island":"Biscoe","culmen_length_mm":45.4,"culmen_depth_mm":14.6,"flipper_length_mm":211.0,"body_mass_g":4800.0,"sex":"FEMALE"},"227":{"species":"Gentoo","island":"Biscoe","culmen_length_mm":46.7,"culmen_depth_mm":15.3,"flipper_length_mm":219.0,"body_mass_g":5200.0,"sex":"MALE"},"228":{"species":"Gentoo","island":"Biscoe","culmen_length_mm":43.3,"culmen_depth_mm":13.4,"flipper_length_mm":209.0,"body_mass_g":4400.0,"sex":"FEMALE"},"229":{"species":"Gentoo","island":"Biscoe","culmen_length_mm":46.8,"culmen_depth_mm":15.4,"flipper_length_mm":215.0,"body_mass_g":5150.0,"sex":"MALE"},"230":{"species":"Gentoo","island":"Biscoe","culmen_length_mm":40.9,"culmen_depth_mm":13.7,"flipper_length_mm":214.0,"body_mass_g":4650.0,"sex":"FEMALE"},"231":{"species":"Gentoo","island":"Biscoe","culmen_length_mm":49.0,"culmen_depth_mm":16.1,"flipper_length_mm":216.0,"body_mass_g":5550.0,"sex":"MALE"},"232":{"species":"Gentoo","island":"Biscoe","culmen_length_mm":45.5,"culmen_depth_mm":13.7,"flipper_length_mm":214.0,"body_mass_g":4650.0,"sex":"FEMALE"},"233":{"species":"Gentoo","island":"Biscoe","culmen_length_mm":48.4,"culmen_depth_mm":14.6,"flipper_length_mm":213.0,"body_mass_g":5850.0,"sex":"MALE"},"234":{"species":"Gentoo","island":"Biscoe","culmen_length_mm":45.8,"culmen_depth_mm":14.6,"flipper_length_mm":210.0,"body_mass_g":4200.0,"sex":"FEMALE"},"235":{"species":"Gentoo","island":"Biscoe","culmen_length_mm":49.3,"culmen_depth_mm":15.7,"flipper_length_mm":217.0,"body_mass_g":5850.0,"sex":"MALE"},"236":{"species":"Gentoo","island":"Biscoe","culmen_length_mm":42.0,"culmen_depth_mm":13.5,"flipper_length_mm":210.0,"body_mass_g":4150.0,"sex":"FEMALE"},"237":{"species":"Gentoo","island":"Biscoe","culmen_length_mm":49.2,"culmen_depth_mm":15.2,"flipper_length_mm":221.0,"body_mass_g":6300.0,"sex":"MALE"},"238":{"species":"Gentoo","island":"Biscoe","culmen_length_mm":46.2,"culmen_depth_mm":14.5,"flipper_length_mm":209.0,"body_mass_g":4800.0,"sex":"FEMALE"},"239":{"species":"Gentoo","island":"Biscoe","culmen_length_mm":48.7,"culmen_depth_mm":15.1,"flipper_length_mm":222.0,"body_mass_g":5350.0,"sex":"boy"},"240":{"species":"Gentoo","island":"Biscoe","culmen_length_mm":50.2,"culmen_depth_mm":14.3,"flipper_length_mm":218.0,"body_mass_g":5700.0,"sex":"MALE"},"241":{"species":"Gentoo","island":"Biscoe","culmen_length_mm":45.1,"culmen_depth_mm":14.5,"flipper_length_mm":215.0,"body_mass_g":5000.0,"sex":"FEMALE"},"242":{"species":"Gentoo","island":"Biscoe","culmen_length_mm":46.5,"culmen_depth_mm":14.5,"flipper_length_mm":213.0,"body_mass_g":4400.0,"sex":"FEMALE"},"243":{"species":"Gentoo","island":"Biscoe","culmen_length_mm":46.3,"culmen_depth_mm":15.8,"flipper_length_mm":215.0,"body_mass_g":5050.0,"sex":"MALE"},"244":{"species":"Gentoo","island":"Biscoe","culmen_length_mm":42.9,"culmen_depth_mm":13.1,"flipper_length_mm":215.0,"body_mass_g":5000.0,"sex":"FEMALE"},"245":{"species":"Gentoo","island":"Biscoe","culmen_length_mm":46.1,"culmen_depth_mm":15.1,"flipper_length_mm":215.0,"body_mass_g":5100.0,"sex":"MALE"},"246":{"species":"Gentoo","island":"Biscoe","culmen_length_mm":44.5,"culmen_depth_mm":14.3,"flipper_length_mm":216.0,"body_mass_g":4100.0,"sex":null},"247":{"species":"Gentoo","island":"Biscoe","culmen_length_mm":47.8,"culmen_depth_mm":15.0,"flipper_length_mm":215.0,"body_mass_g":5650.0,"sex":"MALE"},"248":{"species":"Gentoo","island":"Biscoe","culmen_length_mm":48.2,"culmen_depth_mm":14.3,"flipper_length_mm":210.0,"body_mass_g":4600.0,"sex":"FEMALE"},"249":{"species":"Gentoo","island":"Biscoe","culmen_length_mm":50.0,"culmen_depth_mm":15.3,"flipper_length_mm":220.0,"body_mass_g":5550.0,"sex":"MALE"},"250":{"species":"Gentoo","island":"Biscoe","culmen_length_mm":47.3,"culmen_depth_mm":15.3,"flipper_length_mm":222.0,"body_mass_g":5250.0,"sex":"MALE"},"251":{"species":"Gentoo","island":"Biscoe","culmen_length_mm":42.8,"culmen_depth_mm":14.2,"flipper_length_mm":209.0,"body_mass_g":4700.0,"sex":"FEMALE"},"252":{"species":"Gentoo","island":"Biscoe","culmen_length_mm":45.1,"culmen_depth_mm":14.5,"flipper_length_mm":207.0,"body_mass_g":5050.0,"sex":"FEMALE"},"253":{"species":"Gentoo","island":"Biscoe","culmen_length_mm":59.6,"culmen_depth_mm":17.0,"flipper_length_mm":230.0,"body_mass_g":6050.0,"sex":"MALE"},"254":{"species":"Gentoo","island":"Biscoe","culmen_length_mm":49.1,"culmen_depth_mm":14.8,"flipper_length_mm":220.0,"body_mass_g":5150.0,"sex":"FEMALE"},"255":{"species":"Gentoo","island":"Biscoe","culmen_length_mm":48.4,"culmen_depth_mm":16.3,"flipper_length_mm":220.0,"body_mass_g":5400.0,"sex":"MALE"},"256":{"species":"Gentoo","island":"Biscoe","culmen_length_mm":42.6,"culmen_depth_mm":13.7,"flipper_length_mm":213.0,"body_mass_g":4950.0,"sex":"FEMALE"},"257":{"species":"Gentoo","island":"Biscoe","culmen_length_mm":44.4,"culmen_depth_mm":17.3,"flipper_length_mm":219.0,"body_mass_g":5250.0,"sex":"MALE"},"258":{"species":"Gentoo","island":"Biscoe","culmen_length_mm":44.0,"culmen_depth_mm":13.6,"flipper_length_mm":208.0,"body_mass_g":4350.0,"sex":"FEMALE"},"259":{"species":"Gentoo","island":"Biscoe","culmen_length_mm":48.7,"culmen_depth_mm":15.7,"flipper_length_mm":208.0,"body_mass_g":5350.0,"sex":"MALE"},"260":{"species":"Gentoo","island":"Biscoe","culmen_length_mm":42.7,"culmen_depth_mm":13.7,"flipper_length_mm":208.0,"body_mass_g":3950.0,"sex":"FEMALE"},"261":{"species":"Gentoo","island":"Biscoe","culmen_length_mm":49.6,"culmen_depth_mm":16.0,"flipper_length_mm":225.0,"body_mass_g":5700.0,"sex":"MALE"},"262":{"species":"Gentoo","island":"Biscoe","culmen_length_mm":45.3,"culmen_depth_mm":13.7,"flipper_length_mm":210.0,"body_mass_g":4300.0,"sex":"FEMALE"},"263":{"species":"Gentoo","island":"Biscoe","culmen_length_mm":49.6,"culmen_depth_mm":15.0,"flipper_length_mm":216.0,"body_mass_g":4750.0,"sex":"MALE"},"264":{"species":"Gentoo","island":"Biscoe","culmen_length_mm":50.5,"culmen_depth_mm":15.9,"flipper_length_mm":222.0,"body_mass_g":5550.0,"sex":"MALE"},"265":{"species":"Gentoo","island":"Biscoe","culmen_length_mm":43.6,"culmen_depth_mm":13.9,"flipper_length_mm":217.0,"body_mass_g":4900.0,"sex":"FEMALE"},"266":{"species":"Gentoo","island":"Biscoe","culmen_length_mm":45.5,"culmen_depth_mm":13.9,"flipper_length_mm":210.0,"body_mass_g":4200.0,"sex":"FEMALE"},"267":{"species":"Gentoo","island":"Biscoe","culmen_length_mm":50.5,"culmen_depth_mm":15.9,"flipper_length_mm":225.0,"body_mass_g":5400.0,"sex":"MALE"},"268":{"species":"Gentoo","island":"Biscoe","culmen_length_mm":44.9,"culmen_depth_mm":13.3,"flipper_length_mm":213.0,"body_mass_g":5100.0,"sex":"FEMALE"},"269":{"species":"Gentoo","island":"Biscoe","culmen_length_mm":45.2,"culmen_depth_mm":15.8,"flipper_length_mm":215.0,"body_mass_g":5300.0,"sex":"MALE"},"270":{"species":"Gentoo","island":"Biscoe","culmen_length_mm":46.6,"culmen_depth_mm":14.2,"flipper_length_mm":210.0,"body_mass_g":4850.0,"sex":"FEMALE"},"271":{"species":"Gentoo","island":"Biscoe","culmen_length_mm":48.5,"culmen_depth_mm":14.1,"flipper_length_mm":220.0,"body_mass_g":5300.0,"sex":"MALE"},"272":{"species":"Gentoo","island":"Biscoe","culmen_length_mm":45.1,"culmen_depth_mm":14.4,"flipper_length_mm":210.0,"body_mass_g":4400.0,"sex":"FEMALE"},"273":{"species":"Gentoo","island":"Biscoe","culmen_length_mm":50.1,"culmen_depth_mm":15.0,"flipper_length_mm":225.0,"body_mass_g":5000.0,"sex":"MALE"},"274":{"species":"Gentoo","island":"Biscoe","culmen_length_mm":46.5,"culmen_depth_mm":14.4,"flipper_length_mm":217.0,"body_mass_g":4900.0,"sex":"FEMALE"},"275":{"species":"Gentoo","island":"Biscoe","culmen_length_mm":45.0,"culmen_depth_mm":15.4,"flipper_length_mm":220.0,"body_mass_g":5050.0,"sex":"MALE"},"276":{"species":"Gentoo","island":"Biscoe","culmen_length_mm":43.8,"culmen_depth_mm":13.9,"flipper_length_mm":208.0,"body_mass_g":4300.0,"sex":"FEMALE"},"277":{"species":"Gentoo","island":"Biscoe","culmen_length_mm":45.5,"culmen_depth_mm":15.0,"flipper_length_mm":220.0,"body_mass_g":5000.0,"sex":"MALE"},"278":{"species":"Gentoo","island":"Biscoe","culmen_length_mm":45.0,"culmen_depth_mm":15.4,"flipper_length_mm":220.0,"body_mass_g":5050.0,"sex":"MALE"},"279":{"species":"Gentoo","island":"Biscoe","culmen_length_mm":43.8,"culmen_depth_mm":13.9,"flipper_length_mm":208.0,"body_mass_g":4300.0,"sex":"FEMALE"},"280":{"species":"Gentoo","island":"Biscoe","culmen_length_mm":45.5,"culmen_depth_mm":15.0,"flipper_length_mm":220.0,"body_mass_g":5000.0,"sex":"MALE"},"281":{"species":"Gentoo","island":"Biscoe","culmen_length_mm":43.2,"culmen_depth_mm":14.5,"flipper_length_mm":208.0,"body_mass_g":4450.0,"sex":"FEMALE"},"282":{"species":"Gentoo","island":"Biscoe","culmen_length_mm":50.4,"culmen_depth_mm":15.3,"flipper_length_mm":224.0,"body_mass_g":5550.0,"sex":"MALE"},"283":{"species":"Gentoo","island":"Biscoe","culmen_length_mm":45.3,"culmen_depth_mm":13.8,"flipper_length_mm":208.0,"body_mass_g":4200.0,"sex":"FEMALE"},"284":{"species":"Gentoo","island":"Biscoe","culmen_length_mm":46.2,"culmen_depth_mm":14.9,"flipper_length_mm":221.0,"body_mass_g":5300.0,"sex":"MALE"},"285":{"species":"Gentoo","island":"Biscoe","culmen_length_mm":45.7,"culmen_depth_mm":13.9,"flipper_length_mm":214.0,"body_mass_g":4400.0,"sex":"FEMALE"},"286":{"species":"Gentoo","island":"Biscoe","culmen_length_mm":54.3,"culmen_depth_mm":15.7,"flipper_length_mm":231.0,"body_mass_g":5650.0,"sex":"MALE"},"287":{"species":"Gentoo","island":"Biscoe","culmen_length_mm":45.8,"culmen_depth_mm":14.2,"flipper_length_mm":219.0,"body_mass_g":4700.0,"sex":"FEMALE"},"288":{"species":"Gentoo","island":"Biscoe","culmen_length_mm":49.8,"culmen_depth_mm":16.8,"flipper_length_mm":230.0,"body_mass_g":5700.0,"sex":"MALE"},"289":{"species":"Gentoo","island":"Biscoe","culmen_length_mm":46.2,"culmen_depth_mm":14.4,"flipper_length_mm":214.0,"body_mass_g":4650.0,"sex":null},"290":{"species":"Gentoo","island":"Biscoe","culmen_length_mm":49.5,"culmen_depth_mm":16.2,"flipper_length_mm":229.0,"body_mass_g":5800.0,"sex":"MALE"},"291":{"species":"Gentoo","island":"Biscoe","culmen_length_mm":43.5,"culmen_depth_mm":14.2,"flipper_length_mm":220.0,"body_mass_g":4700.0,"sex":"FEMALE"},"292":{"species":"Gentoo","island":"Biscoe","culmen_length_mm":50.7,"culmen_depth_mm":15.0,"flipper_length_mm":223.0,"body_mass_g":5550.0,"sex":"MALE"},"293":{"species":"Gentoo","island":"Biscoe","culmen_length_mm":47.7,"culmen_depth_mm":15.0,"flipper_length_mm":216.0,"body_mass_g":4750.0,"sex":"FEMALE"},"294":{"species":"Gentoo","island":"Biscoe","culmen_length_mm":46.4,"culmen_depth_mm":15.6,"flipper_length_mm":221.0,"body_mass_g":5000.0,"sex":"MALE"},"295":{"species":"Gentoo","island":"Biscoe","culmen_length_mm":48.2,"culmen_depth_mm":15.6,"flipper_length_mm":221.0,"body_mass_g":5100.0,"sex":"MALE"},"296":{"species":"Gentoo","island":"Biscoe","culmen_length_mm":46.5,"culmen_depth_mm":14.8,"flipper_length_mm":217.0,"body_mass_g":5200.0,"sex":"FEMALE"},"297":{"species":"Gentoo","island":"Biscoe","culmen_length_mm":46.4,"culmen_depth_mm":15.0,"flipper_length_mm":216.0,"body_mass_g":4700.0,"sex":"FEMALE"},"298":{"species":"Gentoo","island":"Biscoe","culmen_length_mm":48.6,"culmen_depth_mm":16.0,"flipper_length_mm":230.0,"body_mass_g":5800.0,"sex":"MALE"},"299":{"species":"Gentoo","island":"Biscoe","culmen_length_mm":47.5,"culmen_depth_mm":14.2,"flipper_length_mm":209.0,"body_mass_g":4600.0,"sex":"FEMALE"},"300":{"species":"Gentoo","island":"Biscoe","culmen_length_mm":51.1,"culmen_depth_mm":16.3,"flipper_length_mm":220.0,"body_mass_g":6000.0,"sex":"MALE"},"301":{"species":"Gentoo","island":"Biscoe","culmen_length_mm":45.2,"culmen_depth_mm":13.8,"flipper_length_mm":215.0,"body_mass_g":4750.0,"sex":"FEMALE"},"302":{"species":"Gentoo","island":"Biscoe","culmen_length_mm":45.2,"culmen_depth_mm":16.4,"flipper_length_mm":223.0,"body_mass_g":5950.0,"sex":"MALE"},"303":{"species":"Gentoo","island":"Biscoe","culmen_length_mm":49.1,"culmen_depth_mm":14.5,"flipper_length_mm":212.0,"body_mass_g":4625.0,"sex":"FEMALE"},"304":{"species":"Gentoo","island":"Biscoe","culmen_length_mm":52.5,"culmen_depth_mm":15.6,"flipper_length_mm":221.0,"body_mass_g":5450.0,"sex":"MALE"},"305":{"species":"Gentoo","island":"Biscoe","culmen_length_mm":47.4,"culmen_depth_mm":3314.6,"flipper_length_mm":212.0,"body_mass_g":4725.0,"sex":"FEMALE"},"306":{"species":"Gentoo","island":"Biscoe","culmen_length_mm":50.0,"culmen_depth_mm":15.9,"flipper_length_mm":224.0,"body_mass_g":5350.0,"sex":"MALE"},"307":{"species":"Gentoo","island":"Biscoe","culmen_length_mm":44.9,"culmen_depth_mm":13.8,"flipper_length_mm":212.0,"body_mass_g":4750.0,"sex":"FEMALE"},"308":{"species":"Gentoo","island":"Biscoe","culmen_length_mm":50.8,"culmen_depth_mm":17.3,"flipper_length_mm":228.0,"body_mass_g":5600.0,"sex":"MALE"},"309":{"species":"Gentoo","island":"Biscoe","culmen_length_mm":43.4,"culmen_depth_mm":14.4,"flipper_length_mm":218.0,"body_mass_g":4600.0,"sex":"FEMALE"},"310":{"species":"Gentoo","island":"Biscoe","culmen_length_mm":51.3,"culmen_depth_mm":14.2,"flipper_length_mm":218.0,"body_mass_g":5300.0,"sex":"MALE"},"311":{"species":"Gentoo","island":"Biscoe","culmen_length_mm":47.5,"culmen_depth_mm":14.0,"flipper_length_mm":212.0,"body_mass_g":4875.0,"sex":"FEMALE"},"312":{"species":"Gentoo","island":"Biscoe","culmen_length_mm":52.1,"culmen_depth_mm":17.0,"flipper_length_mm":230.0,"body_mass_g":5550.0,"sex":"MALE"},"313":{"species":"Gentoo","island":"Biscoe","culmen_length_mm":47.5,"culmen_depth_mm":15.0,"flipper_length_mm":218.0,"body_mass_g":4950.0,"sex":"FEMALE"},"314":{"species":"Gentoo","island":"Biscoe","culmen_length_mm":52.2,"culmen_depth_mm":17.1,"flipper_length_mm":228.0,"body_mass_g":5400.0,"sex":"MALE"},"315":{"species":"Gentoo","island":"Biscoe","culmen_length_mm":45.5,"culmen_depth_mm":14.5,"flipper_length_mm":212.0,"body_mass_g":4750.0,"sex":"FEMALE"},"316":{"species":"Gentoo","island":"Biscoe","culmen_length_mm":49.5,"culmen_depth_mm":16.1,"flipper_length_mm":224.0,"body_mass_g":5650.0,"sex":"MALE"},"317":{"species":"Gentoo","island":"Biscoe","culmen_length_mm":44.5,"culmen_depth_mm":14.7,"flipper_length_mm":214.0,"body_mass_g":4850.0,"sex":"FEMALE"},"318":{"species":"Gentoo","island":"Biscoe","culmen_length_mm":50.8,"culmen_depth_mm":15.7,"flipper_length_mm":226.0,"body_mass_g":5200.0,"sex":"MALE"},"319":{"species":"Gentoo","island":"Biscoe","culmen_length_mm":49.4,"culmen_depth_mm":15.8,"flipper_length_mm":216.0,"body_mass_g":4925.0,"sex":"MALE"},"320":{"species":"Gentoo","island":"Biscoe","culmen_length_mm":46.9,"culmen_depth_mm":14.6,"flipper_length_mm":222.0,"body_mass_g":4875.0,"sex":"FEMALE"},"321":{"species":"Gentoo","island":"Biscoe","culmen_length_mm":48.4,"culmen_depth_mm":14.4,"flipper_length_mm":203.0,"body_mass_g":4625.0,"sex":"FEMALE"},"322":{"species":"Gentoo","island":"Biscoe","culmen_length_mm":51.1,"culmen_depth_mm":16.5,"flipper_length_mm":225.0,"body_mass_g":5250.0,"sex":"MALE"},"323":{"species":"Gentoo","island":"Biscoe","culmen_length_mm":48.5,"culmen_depth_mm":15.0,"flipper_length_mm":219.0,"body_mass_g":4850.0,"sex":"FEMALE"},"324":{"species":"Gentoo","island":"Biscoe","culmen_length_mm":55.9,"culmen_depth_mm":17.0,"flipper_length_mm":228.0,"body_mass_g":5600.0,"sex":"MALE"},"325":{"species":"Gentoo","island":"Biscoe","culmen_length_mm":47.2,"culmen_depth_mm":15.5,"flipper_length_mm":215.0,"body_mass_g":4975.0,"sex":"FEMALE"},"326":{"species":"Gentoo","island":"Biscoe","culmen_length_mm":49.1,"culmen_depth_mm":15.0,"flipper_length_mm":228.0,"body_mass_g":5500.0,"sex":"MALE"},"327":{"species":"Gentoo","island":"Biscoe","culmen_length_mm":47.3,"culmen_depth_mm":13.8,"flipper_length_mm":216.0,"body_mass_g":4725.0,"sex":null},"328":{"species":"Gentoo","island":"Biscoe","culmen_length_mm":46.8,"culmen_depth_mm":16.1,"flipper_length_mm":215.0,"body_mass_g":5500.0,"sex":"MALE"},"329":{"species":"Gentoo","island":"Biscoe","culmen_length_mm":41.7,"culmen_depth_mm":14.7,"flipper_length_mm":210.0,"body_mass_g":4700.0,"sex":"FEMALE"},"330":{"species":"Gentoo","island":"Biscoe","culmen_length_mm":53.4,"culmen_depth_mm":15.8,"flipper_length_mm":219.0,"body_mass_g":5500.0,"sex":"MALE"},"331":{"species":"Gentoo","island":"Biscoe","culmen_length_mm":43.3,"culmen_depth_mm":14.0,"flipper_length_mm":208.0,"body_mass_g":4575.0,"sex":"FEMALE"},"332":{"species":"Gentoo","island":"Biscoe","culmen_length_mm":48.1,"culmen_depth_mm":15.1,"flipper_length_mm":209.0,"body_mass_g":5500.0,"sex":"MALE"},"333":{"species":"Gentoo","island":"Biscoe","culmen_length_mm":50.5,"culmen_depth_mm":15.2,"flipper_length_mm":216.0,"body_mass_g":5000.0,"sex":"FEMALE"},"334":{"species":"Gentoo","island":"Biscoe","culmen_length_mm":49.8,"culmen_depth_mm":15.9,"flipper_length_mm":229.0,"body_mass_g":5950.0,"sex":"MALE"},"335":{"species":"Gentoo","island":"Biscoe","culmen_length_mm":43.5,"culmen_depth_mm":15.2,"flipper_length_mm":213.0,"body_mass_g":4650.0,"sex":"FEMALE"},"336":{"species":"Gentoo","island":"Biscoe","culmen_length_mm":51.5,"culmen_depth_mm":16.3,"flipper_length_mm":230.0,"body_mass_g":5500.0,"sex":"MALE"},"337":{"species":"Gentoo","island":"Biscoe","culmen_length_mm":46.2,"culmen_depth_mm":14.1,"flipper_length_mm":217.0,"body_mass_g":4375.0,"sex":"FEMALE"},"338":{"species":"Gentoo","island":"Biscoe","culmen_length_mm":55.1,"culmen_depth_mm":16.0,"flipper_length_mm":230.0,"body_mass_g":5850.0,"sex":"MALE"},"339":{"species":"Gentoo","island":"Biscoe","culmen_length_mm":44.5,"culmen_depth_mm":15.7,"flipper_length_mm":217.0,"body_mass_g":4875.0,"sex":"girl"},"340":{"species":"Gentoo","island":"Biscoe","culmen_length_mm":48.8,"culmen_depth_mm":16.2,"flipper_length_mm":222.0,"body_mass_g":6000.0,"sex":"MALE"},"341":{"species":"Gentoo","island":"Biscoe","culmen_length_mm":47.2,"culmen_depth_mm":13.7,"flipper_length_mm":214.0,"body_mass_g":4925.0,"sex":"FEMALE"},"342":{"species":"Gentoo","island":"Biscoe","culmen_length_mm":null,"culmen_depth_mm":null,"flipper_length_mm":null,"body_mass_g":null,"sex":null},"343":{"species":"Gentoo","island":"Biscoe","culmen_length_mm":46.8,"culmen_depth_mm":14.3,"flipper_length_mm":215.0,"body_mass_g":4850.0,"sex":"FEMALE"},"344":{"species":"Gentoo","island":"Biscoe","culmen_length_mm":50.4,"culmen_depth_mm":15.7,"flipper_length_mm":222.0,"body_mass_g":5750.0,"sex":"MALE"},"345":{"species":"Gentoo","island":"Biscoe","culmen_length_mm":45.2,"culmen_depth_mm":14.8,"flipper_length_mm":212.0,"body_mass_g":5200.0,"sex":"FEMALE"},"346":{"species":"Gentoo","island":"Biscoe","culmen_length_mm":49.9,"culmen_depth_mm":16.1,"flipper_length_mm":213.0,"body_mass_g":5400.0,"sex":"MALE"}}